,area,prediction
0,2600,533664.3835616438
1,3000,587979.4520547945
2,3200,615136.9863013698
3,3600,669452.0547945206
4,4000,723767.1232876712
5,4034,728383.904109589
6,2000,452191.7808219178
7,23249,3337544.0068493155
8,343534,46828298.28767124
9,54545,7587154.965753425
10,34030,4801470.890410959
11,23423,3361171.061643836
12,234,212390.75342465748
13,234,212390.75342465748
14,34332,4842478.767123288
15,3245234,440843383.90410966
16,245,213884.41780821912
17,4054,731099.6575342466
